trial,x,y,yaw_deg,open_success,closed_success,recoveries,failure_type
1,0.528,-0.19,-18.0,False,True,0,-
2,0.578,-0.165,-6.2,False,False,3,POSITIONAL_OFFSET
3,0.405,-0.12,12.0,False,True,0,-
4,0.562,-0.197,24.5,True,False,2,NO_OBJECT
5,0.591,-0.065,-32.6,False,False,3,ORIENTATION
6,0.561,0.092,2.9,False,True,1,POSITIONAL_OFFSET
7,0.566,0.047,28.9,False,False,3,POSITIONAL_OFFSET
8,0.446,-0.084,-33.6,True,False,3,ORIENTATION
9,0.527,-0.054,-10.4,False,False,3,POSITIONAL_OFFSET
10,0.53,0.044,-26.3,True,False,1,NO_OBJECT
11,0.598,0.056,4.6,False,False,3,POSITIONAL_OFFSET
12,0.446,-0.187,-14.8,False,False,3,ORIENTATION
13,0.575,-0.074,12.4,False,False,3,NO_OBJECT
14,0.453,-0.101,4.9,False,False,3,ORIENTATION
15,0.48,-0.112,39.8,False,False,3,POSITIONAL_OFFSET
16,0.422,0.051,23.4,False,True,0,-
17,0.599,0.012,37.7,False,False,3,POSITIONAL_OFFSET
18,0.536,0.015,-18.7,False,False,3,POSITIONAL_OFFSET
19,0.491,0.182,30.1,False,False,3,ORIENTATION
20,0.583,0.148,-16.1,False,False,2,NO_OBJECT
21,0.553,0.016,22.3,False,False,3,ORIENTATION
22,0.404,0.172,30.3,False,False,3,ORIENTATION
23,0.576,0.179,-33.1,False,False,3,POSITIONAL_OFFSET
24,0.553,-0.149,-2.0,False,False,3,POSITIONAL_OFFSET
25,0.485,-0.115,3.1,False,False,3,POSITIONAL_OFFSET
26,0.599,0.06,-5.0,False,False,3,POSITIONAL_OFFSET
27,0.468,0.035,-21.6,False,False,3,POSITIONAL_OFFSET
28,0.446,0.162,28.8,False,False,3,ORIENTATION
29,0.443,-0.147,34.8,False,False,3,NO_OBJECT
30,0.561,-0.124,-32.2,True,True,0,-
31,0.546,0.069,38.7,False,False,3,ORIENTATION
32,0.572,-0.101,-24.8,True,False,3,ORIENTATION
33,0.45,0.169,-4.5,False,False,1,NO_OBJECT
34,0.6,0.134,37.5,False,False,3,POSITIONAL_OFFSET
35,0.497,-0.115,-7.9,False,False,3,ORIENTATION
36,0.453,0.114,-3.6,False,False,3,POSITIONAL_OFFSET
37,0.511,0.087,-27.6,False,False,2,NO_OBJECT
38,0.508,0.099,-35.4,False,False,3,POSITIONAL_OFFSET
39,0.431,0.184,-33.6,True,False,3,ORIENTATION
40,0.447,-0.152,31.2,True,False,3,NO_OBJECT
41,0.484,0.033,1.8,False,False,3,POSITIONAL_OFFSET
42,0.448,-0.042,13.7,False,True,0,-
43,0.415,-0.017,39.9,False,False,3,POSITIONAL_OFFSET
44,0.453,0.173,30.5,False,False,3,NO_OBJECT
45,0.567,0.081,8.9,False,False,3,ORIENTATION
46,0.563,-0.08,13.1,False,False,3,POSITIONAL_OFFSET
47,0.421,0.021,-18.2,False,True,1,ORIENTATION
48,0.527,-0.094,-0.9,False,False,3,POSITIONAL_OFFSET
49,0.485,-0.089,-39.7,True,False,3,POSITIONAL_OFFSET
50,0.548,0.021,-5.8,False,False,3,NO_OBJECT
51,0.581,0.018,26.8,False,False,3,ORIENTATION
52,0.462,0.16,23.7,False,False,3,POSITIONAL_OFFSET
53,0.45,-0.159,22.4,False,False,3,POSITIONAL_OFFSET
54,0.431,0.172,29.2,False,False,3,NO_OBJECT
55,0.405,0.095,-13.4,False,False,3,NO_OBJECT
56,0.562,-0.093,23.0,False,False,3,POSITIONAL_OFFSET
57,0.444,0.127,-3.2,False,True,1,NO_OBJECT
58,0.405,-0.123,-13.7,False,False,3,ORIENTATION
59,0.528,-0.04,38.5,False,False,3,POSITIONAL_OFFSET
60,0.594,-0.129,37.0,False,False,2,NO_OBJECT
61,0.546,-0.075,8.5,True,True,0,-
62,0.451,0.084,-39.9,False,False,3,ORIENTATION
63,0.548,0.068,-10.9,False,False,3,ORIENTATION
64,0.463,0.139,17.6,False,True,0,-
65,0.48,-0.082,-29.8,False,False,3,POSITIONAL_OFFSET
66,0.581,0.046,-15.9,False,False,3,POSITIONAL_OFFSET
67,0.486,0.032,12.4,False,False,3,POSITIONAL_OFFSET
68,0.495,0.16,23.7,False,False,3,POSITIONAL_OFFSET
69,0.527,-0.066,25.5,False,False,3,ORIENTATION
70,0.44,-0.19,-20.4,False,False,1,NO_OBJECT
71,0.483,0.052,-24.4,False,True,0,-
72,0.531,-0.198,20.1,False,True,1,POSITIONAL_OFFSET
73,0.435,0.183,1.4,False,False,3,POSITIONAL_OFFSET
74,0.491,0.121,13.4,False,False,3,ORIENTATION
75,0.578,0.045,17.5,False,True,0,-
76,0.579,0.097,-2.0,True,False,3,ORIENTATION
77,0.553,0.009,10.1,False,False,3,POSITIONAL_OFFSET
78,0.454,-0.072,3.2,False,False,3,POSITIONAL_OFFSET
79,0.541,-0.174,-7.4,False,False,3,POSITIONAL_OFFSET
80,0.484,0.162,6.7,False,False,2,NO_OBJECT
81,0.476,-0.198,-11.9,False,False,3,POSITIONAL_OFFSET
82,0.484,0.099,3.7,False,False,3,POSITIONAL_OFFSET
83,0.487,-0.188,-13.1,False,False,3,ORIENTATION
84,0.493,-0.149,9.8,False,False,3,ORIENTATION
85,0.405,0.057,-29.1,False,False,3,ORIENTATION
86,0.442,-0.069,20.9,False,False,3,ORIENTATION
87,0.45,-0.167,-38.4,False,False,2,NO_OBJECT
88,0.53,0.112,12.1,False,False,3,POSITIONAL_OFFSET
89,0.404,-0.139,-29.9,False,True,0,-
90,0.54,0.107,-26.6,False,False,3,POSITIONAL_OFFSET
91,0.564,0.186,-31.4,False,False,3,POSITIONAL_OFFSET
92,0.592,-0.041,17.2,False,False,3,POSITIONAL_OFFSET
93,0.42,0.109,28.0,False,False,2,NO_OBJECT
94,0.557,-0.061,-5.7,True,True,0,-
95,0.57,0.129,-31.6,False,False,3,POSITIONAL_OFFSET
96,0.541,-0.026,18.7,False,False,2,NO_OBJECT
97,0.508,-0.007,-5.2,False,False,3,POSITIONAL_OFFSET
98,0.566,-0.165,30.5,True,True,0,-
99,0.476,-0.189,28.1,False,False,3,POSITIONAL_OFFSET
100,0.468,0.152,16.1,False,False,3,POSITIONAL_OFFSET
101,0.417,0.088,-0.9,True,True,0,-
102,0.498,0.117,-32.6,False,False,3,ORIENTATION
103,0.516,-0.011,2.5,True,False,3,POSITIONAL_OFFSET
104,0.541,-0.092,-19.9,False,False,3,POSITIONAL_OFFSET
105,0.507,0.105,-25.2,False,False,3,NO_OBJECT
106,0.595,0.01,-17.4,False,True,0,-
107,0.436,-0.194,2.7,False,True,0,-
108,0.539,-0.149,29.5,False,True,0,-
109,0.494,-0.024,-25.3,False,False,3,ORIENTATION
110,0.564,-0.04,-34.1,False,False,3,POSITIONAL_OFFSET
111,0.513,-0.078,39.5,False,False,3,ORIENTATION
112,0.558,-0.11,1.8,False,False,2,NO_OBJECT
113,0.598,-0.078,9.7,False,False,3,POSITIONAL_OFFSET
114,0.442,-0.116,12.8,False,False,3,ORIENTATION
115,0.401,-0.02,7.5,False,True,0,-
116,0.541,-0.018,15.0,False,False,3,POSITIONAL_OFFSET
117,0.532,0.173,-6.0,False,False,2,NO_OBJECT
118,0.565,-0.171,-26.7,False,True,0,-
119,0.458,-0.15,15.1,False,False,3,NO_OBJECT
120,0.499,-0.168,-36.8,False,False,1,NO_OBJECT
